INSERT INTO CLIENTE VALUES ('11111111111','Daniel Castello','castello.daniel@hotmail.com','1131111111','11911111111','02020001','Rua Exemplo, 001','SP','São Paulo')
INSERT INTO CLIENTE VALUES ('11111111112','Nome Sobrenome 1','email1@gmail.com','1131111112','11911111112','02020002','Rua Exemplo, 002','SP','São Paulo')
INSERT INTO CLIENTE VALUES ('11111111113','Nome Sobrenome 2','email2@gmail.com','1131111113','11911111113','02020003','Rua Exemplo, 003','SP','São Paulo')
INSERT INTO CLIENTE VALUES ('11111111114','Nome Sobrenome 3','email1@gmail.com','1131111114','11911111114','02020004','Rua Exemplo, 004','SP','São Paulo')
INSERT INTO CLIENTE VALUES ('11111111115','Nome Sobrenome 4','email2@gmail.com','1131111115','11911111115','02020005','Rua Exemplo, 005','SP','São Paulo')
INSERT INTO CLIENTE VALUES ('11111111116','Nome Sobrenome 5','email1@gmail.com','1131111116','11911111116','02020006','Rua Exemplo, 006','SP','São Paulo')
INSERT INTO CLIENTE VALUES ('11111111117','Nome Sobrenome 6','email2@gmail.com','1131111117','11911111117','02020007','Rua Exemplo, 007','SP','São Paulo')
INSERT INTO CLIENTE VALUES ('11111111118','Nome Sobrenome 7','email1@gmail.com','1131111118','11911111118','02020008','Rua Exemplo, 008','SP','São Paulo')
INSERT INTO CLIENTE VALUES ('11111111119','Nome Sobrenome 8','email2@gmail.com','1131111119','11911111119','02020009','Rua Exemplo, 009','SP','São Paulo')
INSERT INTO CLIENTE VALUES ('11111111120','Nome Sobrenome 9','email1@gmail.com','1131111120','11911111120','02020010','Rua Exemplo, 010','SP','São Paulo')
INSERT INTO CLIENTE VALUES ('11111111121','Nome Sobrenome 10','email2@gmail.com','1131111121','11911111121','02020011','Rua Exemplo, 011','SP','São Paulo')
INSERT INTO CLIENTE VALUES ('11111111122','Nome Sobrenome 11','email1@gmail.com','1131111122','11911111122','02020012','Rua Exemplo, 012','SP','São Paulo')
INSERT INTO CLIENTE VALUES ('11111111123','Nome Sobrenome 12','email2@gmail.com','1131111123','11911111123','02020013','Rua Exemplo, 013','SP','São Paulo')
INSERT INTO CLIENTE VALUES ('11111111124','Nome Sobrenome 13','email1@gmail.com','1131111124','11911111124','02020014','Rua Exemplo, 014','SP','São Paulo')
INSERT INTO CLIENTE VALUES ('11111111125','Nome Sobrenome 14','email2@gmail.com','1131111125','11911111125','02020015','Rua Exemplo, 015','SP','São Paulo')
INSERT INTO CLIENTE VALUES ('11111111126','Nome Sobrenome 15','email1@gmail.com','1131111126','11911111126','02020016','Rua Exemplo, 016','MG','Belo Horizonte')
INSERT INTO CLIENTE VALUES ('11111111127','Nome Sobrenome 16','email2@gmail.com','1131111127','11911111127','02020017','Rua Exemplo, 017','MG','Belo Horizonte')
INSERT INTO CLIENTE VALUES ('11111111128','Nome Sobrenome 17','email1@gmail.com','1131111128','11911111128','02020018','Rua Exemplo, 018','MG','Belo Horizonte')
INSERT INTO CLIENTE VALUES ('11111111129','Nome Sobrenome 18','email2@gmail.com','1131111129','11911111129','02020019','Rua Exemplo, 019','MG','Belo Horizonte')
INSERT INTO CLIENTE VALUES ('11111111130','Nome Sobrenome 19','email1@gmail.com','1131111130','11911111130','02020020','Rua Exemplo, 020','MG','Belo Horizonte')
INSERT INTO CLIENTE VALUES ('11111111131','Nome Sobrenome 20','email2@gmail.com','1131111131','11911111131','02020021','Rua Exemplo, 021','MG','Belo Horizonte')
INSERT INTO CLIENTE VALUES ('11111111132','Nome Sobrenome 21','email1@gmail.com','1131111132','11911111132','02020022','Rua Exemplo, 022','MG','Belo Horizonte')
INSERT INTO CLIENTE VALUES ('11111111133','Nome Sobrenome 22','email2@gmail.com','1131111133','11911111133','02020023','Rua Exemplo, 023','MG','Belo Horizonte')
INSERT INTO CLIENTE VALUES ('11111111134','Nome Sobrenome 23','email1@gmail.com','1131111134','11911111134','02020024','Rua Exemplo, 024','MG','Belo Horizonte')
INSERT INTO CLIENTE VALUES ('11111111135','Nome Sobrenome 24','email2@gmail.com','1131111135','11911111135','02020025','Rua Exemplo, 025','RJ','Rio de Janeiro')
INSERT INTO CLIENTE VALUES ('11111111136','Nome Sobrenome 25','email1@gmail.com','1131111136','11911111136','02020026','Rua Exemplo, 026','RJ','Rio de Janeiro')
INSERT INTO CLIENTE VALUES ('11111111137','Nome Sobrenome 26','email2@gmail.com','1131111137','11911111137','02020027','Rua Exemplo, 027','RJ','Rio de Janeiro')
INSERT INTO CLIENTE VALUES ('11111111138','Nome Sobrenome 27','email1@gmail.com','1131111138','11911111138','02020028','Rua Exemplo, 028','RJ','Rio de Janeiro')
INSERT INTO CLIENTE VALUES ('11111111139','Nome Sobrenome 28','email2@gmail.com','1131111139','11911111139','02020029','Rua Exemplo, 029','RJ','Rio de Janeiro')
INSERT INTO CLIENTE VALUES ('11111111140','Nome Sobrenome 29','email1@gmail.com','1131111140','11911111140','02020030','Rua Exemplo, 030','RJ','Rio de Janeiro')




INSERT INTO FIDELIDADE VALUES ('1','2021-02-01','50')
INSERT INTO FIDELIDADE VALUES ('2','2021-02-02','60')
INSERT INTO FIDELIDADE VALUES ('5','2021-02-03','150')
INSERT INTO FIDELIDADE VALUES ('7','2021-02-04','90')
INSERT INTO FIDELIDADE VALUES ('8','2021-02-05','400')




INSERT INTO FORMA_PAGAMENTO VALUES ('Master Card','Cartão de débito')
INSERT INTO FORMA_PAGAMENTO VALUES ('Master Card','Cartão de crédito')
INSERT INTO FORMA_PAGAMENTO VALUES ('Dinheiro','Dinheiro')
INSERT INTO FORMA_PAGAMENTO VALUES ('Alelo','Ticket Refeição')
INSERT INTO FORMA_PAGAMENTO VALUES ('Sodexo','Ticket Refeição')




INSERT INTO MARCA VALUES ('Nestle','Nestle SA')
INSERT INTO MARCA VALUES ('Lacta','Mondelez')
INSERT INTO MARCA VALUES ('Garoto','Garoto')
INSERT INTO MARCA VALUES ('Arcor','Arcor')
INSERT INTO MARCA VALUES ('Trident','Mondelez')




INSERT INTO PRODUTO VALUES ('Chokito','Chokito','1')
INSERT INTO PRODUTO VALUES ('Crunch','Crunch','1')
INSERT INTO PRODUTO VALUES ('KitKat','KitKat','1')
INSERT INTO PRODUTO VALUES ('Oreo','Oreo','2')
INSERT INTO PRODUTO VALUES ('Diamante Negro','Diamante Negro','2')
INSERT INTO PRODUTO VALUES ('Shot','Shot','2')
INSERT INTO PRODUTO VALUES ('Sonho de Valsa','Sonho de Valsa','2')
INSERT INTO PRODUTO VALUES ('Baton','Baton','3')
INSERT INTO PRODUTO VALUES ('7Belo','7Belo','4')
INSERT INTO PRODUTO VALUES ('Trident de Menta','Trident de Menta','5')
INSERT INTO PRODUTO VALUES ('Trident de Morango','Trident de Morango','5')




INSERT INTO Pedido_Venda VALUES ('110','10','2021-03-01','1','1')
INSERT INTO Pedido_Venda VALUES ('10.5','0.5','2021-03-02','1','1')
INSERT INTO Pedido_Venda VALUES ('110','10','2021-03-03','2','2')
INSERT INTO Pedido_Venda VALUES ('10.5','0.5','2021-03-04','2','10')
INSERT INTO Pedido_Venda VALUES ('110','10','2021-03-05','3','12')
INSERT INTO Pedido_Venda VALUES ('10.5','0.5','2021-03-06','5','15')
INSERT INTO Pedido_Venda VALUES ('110','10','2021-03-07','5','20')
INSERT INTO Pedido_Venda VALUES ('10.5','0.5','2021-03-08','5','7')
INSERT INTO Pedido_Venda VALUES ('110','10','2021-03-09','1','8')
INSERT INTO Pedido_Venda VALUES ('10.5','0.5','2021-03-10','2','9')




INSERT INTO Item_Pedido_Venda VALUES (110,0.1,1,100,7,1)
INSERT INTO Item_Pedido_Venda VALUES (5.25,0.25,5,1,2,2)
INSERT INTO Item_Pedido_Venda VALUES (5.25,0.25,5,1,4,2)
INSERT INTO Item_Pedido_Venda VALUES (110,0.1,1,100,7,3)
INSERT INTO Item_Pedido_Venda VALUES (10.5,0.5,10,2,6,4)
INSERT INTO Item_Pedido_Venda VALUES (110,0.1,1,100,7,5)
INSERT INTO Item_Pedido_Venda VALUES (10.5,0.5,10,2,1,6)
INSERT INTO Item_Pedido_Venda VALUES (110,0.1,1,100,7,7)
INSERT INTO Item_Pedido_Venda VALUES (5.25,0.25,5,1,2,8)
INSERT INTO Item_Pedido_Venda VALUES (5.25,0.25,5,1,4,8)
INSERT INTO Item_Pedido_Venda VALUES (110,0.1,1,100,7,9)
INSERT INTO Item_Pedido_Venda VALUES (10.5,0.5,10,2,1,10)




INSERT INTO DISTRIBUIDOR VALUES ('11111111111111','Distribuidor  1','Distribuidor LTDA  1','02020001','Rua Exemplo, 001','SP','São Paulo')
INSERT INTO DISTRIBUIDOR VALUES ('11111111111112','Distribuidor  2','Distribuidor LTDA  2','02020002','Rua Exemplo, 002','SP','São Paulo')
INSERT INTO DISTRIBUIDOR VALUES ('11111111111113','Distribuidor  3','Distribuidor LTDA  3','02020003','Rua Exemplo, 003','SP','São Paulo')
INSERT INTO DISTRIBUIDOR VALUES ('11111111111114','Distribuidor  4','Distribuidor LTDA  4','02020004','Rua Exemplo, 004','SP','São Paulo')
INSERT INTO DISTRIBUIDOR VALUES ('11111111111115','Distribuidor  5','Distribuidor LTDA  5','02020005','Rua Exemplo, 005','SP','São Paulo')
INSERT INTO DISTRIBUIDOR VALUES ('11111111111116','Distribuidor  6','Distribuidor LTDA  6','02020006','Rua Exemplo, 006','SP','São Paulo')
INSERT INTO DISTRIBUIDOR VALUES ('11111111111117','Distribuidor  7','Distribuidor LTDA  7','02020007','Rua Exemplo, 007','SP','São Paulo')
INSERT INTO DISTRIBUIDOR VALUES ('11111111111118','Distribuidor  8','Distribuidor LTDA  8','02020008','Rua Exemplo, 008','SP','São Paulo')
INSERT INTO DISTRIBUIDOR VALUES ('11111111111119','Distribuidor  9','Distribuidor LTDA  9','02020009','Rua Exemplo, 009','SP','São Paulo')
INSERT INTO DISTRIBUIDOR VALUES ('11111111111120','Distribuidor  10','Distribuidor LTDA  10','02020010','Rua Exemplo, 010','SP','São Paulo')




INSERT INTO Pedido_Compra VALUES (2021-03-01,1000,1,1)
INSERT INTO Pedido_Compra VALUES (2021-03-02,100,1,1)
INSERT INTO Pedido_Compra VALUES (2021-03-03,1000,1,2)
INSERT INTO Pedido_Compra VALUES (2021-03-04,100,1,10)
INSERT INTO Pedido_Compra VALUES (2021-03-05,1000,1,5)
INSERT INTO Pedido_Compra VALUES (2021-03-06,100,1,7)
INSERT INTO Pedido_Compra VALUES (2021-03-07,1000,0,9)
INSERT INTO Pedido_Compra VALUES (2021-03-08,100,0,7)
INSERT INTO Pedido_Compra VALUES (2021-03-09,1000,0,8)
INSERT INTO Pedido_Compra VALUES (2021-03-10,100,0,9)




INSERT INTO Item_Pedido_Compra VALUES (1000,1,1000,7,1)
INSERT INTO Item_Pedido_Compra VALUES (50,5,10,2,2)
INSERT INTO Item_Pedido_Compra VALUES (50,5,10,4,2)
INSERT INTO Item_Pedido_Compra VALUES (1000,1,1000,7,3)
INSERT INTO Item_Pedido_Compra VALUES (100,10,20,6,4)
INSERT INTO Item_Pedido_Compra VALUES (1000,1,1000,7,5)
INSERT INTO Item_Pedido_Compra VALUES (100,10,20,1,6)
INSERT INTO Item_Pedido_Compra VALUES (1000,1,1000,7,7)
INSERT INTO Item_Pedido_Compra VALUES (50,5,20,2,8)
INSERT INTO Item_Pedido_Compra VALUES (50,5,20,4,8)
INSERT INTO Item_Pedido_Compra VALUES (1000,1,1000,7,9)
INSERT INTO Item_Pedido_Compra VALUES (100,10,20,1,10)
